SrNo,Name,Marks,Batch
B220502CS,Keerthana,99.000000,J
B220983CS,Gokul,84.000000,B
B221002CS,Jessiya,84.000000,B
B220763CS,Cliford,90.000000,J
B220110CS,James,74.000000,B
B220439CS,Anna,89.000000,J
B220287CS,Arun,93.000000,B
